{
  "timestamp": "2025-12-22 10:58:44",
  "stock_processing": {
    "total_time": 6.112525224685669,
    "iterations": 100,
    "avg_time_per_iteration": 0.06112525224685669,
    "stocks_processed_per_second": 81.79925343796222
  },
  "cache_performance": {
    "cache_hit_total_time": 0.0003681182861328125,
    "cache_miss_total_time": 0.03845715522766113,
    "avg_cache_hit_time": 7.36236572265625e-08,
    "avg_cache_miss_time": 7.691431045532226e-06,
    "cache_hit_rate": 0.00948140870152599,
    "performance_ratio": 104.46955958549222
  }
}